{
  "checkpoint": "data/rl_checkpoints/iql_reward_efficiency_1772745673",
  "algorithm": "iql",
  "split": "test",
  "policy_metrics": {
    "action_agreement": 0.1553100061387354,
    "policy_entropy": 1.0552750825881958,
    "num_samples": 4887,
    "accuracy_action_0": 0.0,
    "accuracy_action_1": 0.0,
    "accuracy_action_2": 0.23511904761904762,
    "accuracy_action_3": 0.09828571428571428,
    "accuracy_action_4": 0.42745098039215684,
    "policy_freq_action_0": 0.0,
    "policy_freq_action_1": 0.0,
    "policy_freq_action_2": 0.33497032944546756,
    "policy_freq_action_3": 0.1495805197462656,
    "policy_freq_action_4": 0.5154491508082668
  },
  "baselines": {
    "random": {
      "action_agreement": 0.18907305095150398,
      "expected_agreement": 0.2,
      "data_freq_action_0": 0.21076324943728258,
      "data_freq_action_1": 0.19521178637200737,
      "data_freq_action_2": 0.20626151012891344,
      "data_freq_action_3": 0.17904644976468181,
      "data_freq_action_4": 0.2087170042971148
    },
    "greedy_most_common": {
      "action_agreement": 0.21076324943728258,
      "chosen_action": 0,
      "data_freq_action_0": 0.21076324943728258,
      "data_freq_action_1": 0.19521178637200737,
      "data_freq_action_2": 0.20626151012891344,
      "data_freq_action_3": 0.17904644976468181,
      "data_freq_action_4": 0.2087170042971148
    },
    "best_single": {
      "action_agreement": 0.17904644976468181,
      "chosen_action": 3,
      "mean_reward": -1.0462622590989672,
      "data_freq_action_0": 0.21076324943728258,
      "data_freq_action_1": 0.19521178637200737,
      "data_freq_action_2": 0.20626151012891344,
      "data_freq_action_3": 0.17904644976468181,
      "data_freq_action_4": 0.2087170042971148
    },
    "oracle_best_per_circuit": {
      "action_agreement": 0.238182934315531,
      "num_circuits": 421,
      "data_freq_action_0": 0.21076324943728258,
      "data_freq_action_1": 0.19521178637200737,
      "data_freq_action_2": 0.20626151012891344,
      "data_freq_action_3": 0.17904644976468181,
      "data_freq_action_4": 0.2087170042971148
    }
  },
  "oracle_metrics": {
    "oracle_agreement": 0.4418052256532066,
    "oracle_baseline": 1.0,
    "best_single_oracle": 0.6864608076009501,
    "best_single_oracle_action": 2,
    "num_circuits": 421,
    "random_oracle_expected": 0.2
  },
  "training_metadata": {
    "elapsed_seconds": 812.9559156894684,
    "num_epochs": 200,
    "train_size": 23799,
    "val_size": 5098,
    "test_size": 4887,
    "final_metrics": {
      "train/loss": 19730.135339798468,
      "train/v_loss": 242.52760298534105,
      "train/q_loss": 19425.227292196723,
      "train/policy_loss": 62.38138745420723,
      "train/mean_q": -26.02645941190822,
      "train/mean_v": -17.746299315524357,
      "train/mean_advantage": -8.229802573560386,
      "train/accuracy": 0.2286748533607811,
      "val/action_accuracy": 0.14962797621265053
    }
  }
}