{
  "checkpoint": "data/rl_checkpoints/dt_reward_improvement_only_1772746902",
  "algorithm": "dt",
  "split": "test",
  "policy_metrics": {
    "action_agreement": 0.20114589727849397,
    "policy_entropy": 0.0,
    "num_samples": 4887,
    "accuracy_action_0": 0.040776699029126215,
    "accuracy_action_1": 0.3710691823899371,
    "accuracy_action_2": 0.4503968253968254,
    "accuracy_action_3": 0.13714285714285715,
    "accuracy_action_4": 0.012745098039215686,
    "policy_freq_action_0": 0.04644976468180888,
    "policy_freq_action_1": 0.371598117454471,
    "policy_freq_action_2": 0.42746060978105177,
    "policy_freq_action_3": 0.12727644771843666,
    "policy_freq_action_4": 0.027215060364231634
  },
  "baselines": {
    "random": {
      "action_agreement": 0.18907305095150398,
      "expected_agreement": 0.2,
      "data_freq_action_0": 0.21076324943728258,
      "data_freq_action_1": 0.19521178637200737,
      "data_freq_action_2": 0.20626151012891344,
      "data_freq_action_3": 0.17904644976468181,
      "data_freq_action_4": 0.2087170042971148
    },
    "greedy_most_common": {
      "action_agreement": 0.21076324943728258,
      "chosen_action": 0,
      "data_freq_action_0": 0.21076324943728258,
      "data_freq_action_1": 0.19521178637200737,
      "data_freq_action_2": 0.20626151012891344,
      "data_freq_action_3": 0.17904644976468181,
      "data_freq_action_4": 0.2087170042971148
    },
    "best_single": {
      "action_agreement": 0.21076324943728258,
      "chosen_action": 0,
      "mean_reward": 0.01208139555381828,
      "data_freq_action_0": 0.21076324943728258,
      "data_freq_action_1": 0.19521178637200737,
      "data_freq_action_2": 0.20626151012891344,
      "data_freq_action_3": 0.17904644976468181,
      "data_freq_action_4": 0.2087170042971148
    },
    "oracle_best_per_circuit": {
      "action_agreement": 0.289134438305709,
      "num_circuits": 421,
      "data_freq_action_0": 0.21076324943728258,
      "data_freq_action_1": 0.19521178637200737,
      "data_freq_action_2": 0.20626151012891344,
      "data_freq_action_3": 0.17904644976468181,
      "data_freq_action_4": 0.2087170042971148
    }
  },
  "oracle_metrics": {
    "oracle_agreement": 0.49406175771971494,
    "oracle_baseline": 1.0,
    "best_single_oracle": 0.503562945368171,
    "best_single_oracle_action": 2,
    "num_circuits": 421,
    "random_oracle_expected": 0.2
  },
  "training_metadata": {
    "elapsed_seconds": 1223.7860834598541,
    "num_epochs": 300,
    "train_size": 11593,
    "val_size": 2483,
    "test_size": 2483,
    "final_metrics": {
      "train/loss": 1.1087045247083183,
      "train/accuracy": 0.4782726610754872,
      "val/action_accuracy": 0.45716054546527374
    }
  }
}